ZoneType,ZONE_CODE,COUNT,AREA,MIN,MAX,RANGE,MEAN,STD,SUM,MEDIAN,PCT90,PCT10
ROA,1,70023.000000000000000,1750574.999999998835847,0.051877748221159,0.992162227630615,0.940284479409456,0.459811594681328,0.309254273107882,32197.387294370662858,0.392130404710770,0.868805551528931,0.111073823273182
SPA,2,636730.000000000000000,15918249.999999988824129,0.036156654357910,0.992954790592194,0.956798136234283,0.508704684298731,0.287286678173849,323907.533633530896623,0.536539882421494,0.863606232404709,0.137735001742840
WMA,3,550960.000000000000000,13773999.999999990686774,0.052827592939138,0.951821386814117,0.898993793874979,0.310505514624049,0.167757897347901,171076.118337265768787,0.263782635331154,0.576726400852203,0.129690730571747
AP,4,4333450.000000000000000,108336249.999999925494194,0.021135652437806,0.992954790592194,0.971819138154387,0.185312995823433,0.164144078816969,803044.601751054520719,0.119286060333252,0.442215055227280,0.047312758862972
ER,5,672524.000000000000000,16813099.999999988824129,0.046782799065113,0.991942405700684,0.945159606635571,0.329438259727496,0.234431381954364,221555.136184974544449,0.235221900045872,0.722484290599823,0.116149318963289
ATBA,6,46503355.000000000000000,1162583874.999999284744263,0.031302783638239,0.995188415050507,0.963885631412268,0.306503328053814,0.226876467244464,14253433.073167951777577,0.214874207973480,0.702113533020020,0.100081384181976
EMA,7,59264336.000000000000000,1481608399.999999046325684,0.032944880425930,0.992162227630615,0.959217347204685,0.252914721883949,0.181914263078262,14988823.057076904922724,0.195004194974899,0.523086011409760,0.084855355322361
SP,8,9989971.000000000000000,249749274.999999821186066,0.019848875701427,0.982226431369781,0.962377555668354,0.147353520408742,0.117432054689026,1472057.395631241379306,0.099312640726566,0.279851198196411,0.071748383343220
