MIRSite,ZONE_CODE,COUNT,AREA,PCT25,PCT50,PCT75
EDR,1,15485.000000000000000,387124.999999999708962,0.566410005092621,0.764276981353760,0.912669003009796
Looe,2,20988.000000000000000,524699.999999999650754,0.325047992169857,0.667192012071609,0.869602233171463
NFH,3,61742.000000000000000,1543549.999999998835847,0.153567999601364,0.339845001697540,0.438901990652084
Sombrero,4,9175.000000000000000,229374.999999999825377,0.455716997385025,0.670467019081116,0.792080998420715
Horseshoe,5,5932.000000000000000,148299.999999999883585,0.119895251467824,0.317284494638443,0.770212993025780
Cheeca,6,74647.000000000000000,1866174.999999998603016,0.146100997924805,0.231818005442619,0.493101999163628
Carysfort South,7,40110.000000000000000,1002749.999999999301508,0.157080247998238,0.300796002149582,0.680866524577141
Carysfort North,8,60878.000000000000000,1521949.999999998835847,0.143047504127026,0.357751995325089,0.673537507653236
