MIRSite,ZONE_CODE,COUNT,AREA,PCT25,PCT50,PCT75
EDR,1,15485.000000000000000,387124.999999999708962,0.821304023265839,0.872708976268768,0.907935023307800
Looe,2,20988.000000000000000,524699.999999999650754,0.358604513108730,0.772323995828629,0.887447997927666
NFH,3,61742.000000000000000,1543549.999999998835847,0.295493751764297,0.468307495117188,0.613233730196953
Sombrero,4,9175.000000000000000,229374.999999999825377,0.624235481023788,0.784668028354645,0.850696504116058
Horseshoe,5,5932.000000000000000,148299.999999999883585,0.189135245978832,0.407918989658356,0.822755992412567
Cheeca,6,74647.000000000000000,1866174.999999998603016,0.219371497631073,0.314561009407043,0.483029499650002
Carysfort South,7,40110.000000000000000,1002749.999999999301508,0.280094996094704,0.465277493000031,0.763967499136925
Carysfort North,8,60878.000000000000000,1521949.999999998835847,0.231373500078917,0.587083011865616,0.756623491644859
