MIRSite,ZONE_CODE,COUNT,AREA,PCT25,PCT50,PCT75
EDR,1,15485.000000000000000,387124.999999999708962,0.707369029521942,0.814254999160767,0.884967982769012
Looe,2,20988.000000000000000,524699.999999999650754,0.185827996581793,0.661549001932144,0.825841501355171
NFH,3,61742.000000000000000,1543549.999999998835847,0.206659503281116,0.571020007133484,0.711758732795715
Sombrero,4,9175.000000000000000,229374.999999999825377,0.488112509250641,0.687686026096344,0.809306502342224
Horseshoe,5,5932.000000000000000,148299.999999999883585,0.079269252717495,0.292504489421844,0.805032238364220
Cheeca,6,74647.000000000000000,1866174.999999998603016,0.071185350418091,0.137158006429672,0.668057501316071
Carysfort South,7,40110.000000000000000,1002749.999999999301508,0.106026498600841,0.234046496450901,0.625681519508362
Carysfort North,8,60878.000000000000000,1521949.999999998835847,0.107539998367429,0.384723007678986,0.617518737912178
