Site,COUNT,AREA,MIN,MAX,RANGE,MEAN,STD,SUM,MEDIAN,PCT25,PCT75
EasternDryRocks,8232.000000000000000,205799.999999999854481,0.315627992153168,0.992209970951080,0.676581978797913,0.840708147604071,0.093646571849056,6920.709471076716000,0.846615016460419,0.783991247415543,0.915596768260002
NewfoundHarbor,4381.000000000000000,109524.999999999927240,0.165353998541832,0.999998986721039,0.834644988179207,0.845826865086080,0.184642283812346,3705.567495942117148,0.938326001167297,0.723459005355835,0.996172010898590
Looe,12209.000000000000000,305224.999999999767169,0.051690600812435,0.983222007751465,0.931531406939030,0.696963670807936,0.258674383320016,8509.229456894088798,0.802443027496338,0.595138013362885,0.874729990959167
CarysfortNorth,18375.000000000000000,459374.999999999650754,0.015621400438249,0.955877006053925,0.940255605615675,0.563687505821533,0.234505916387497,10357.757919470670458,0.644104003906250,0.510080993175507,0.721166998147964
CarysfortSouth,13875.000000000000000,346874.999999999767169,0.024720499292016,0.957539021968842,0.932818522676826,0.626728988062691,0.182542702970772,8695.864709369830962,0.674942016601562,0.593128502368927,0.732958018779755
Horseshoe,2155.000000000000000,53874.999999999963620,0.040944799780846,0.983799993991852,0.942855194211006,0.791558080256471,0.190368075196531,1705.807662952694045,0.878494024276733,0.712641000747681,0.902431011199951
Cheeca,6566.000000000000000,164149.999999999883585,0.032781198620796,0.999980986118317,0.967199787497520,0.778118878842976,0.258546956295386,5109.128558482981134,0.921800494194031,0.654366239905357,0.965160518884659
Sombrero,3799.000000000000000,94974.999999999927240,0.228486999869347,0.981603026390076,0.753116026520729,0.765339468534476,0.149768898007714,2907.524640962474678,0.806599020957947,0.685085475444794,0.881794512271881
