MIRSite,ZONE_CODE,COUNT,AREA,PCT25,PCT50,PCT75
EDR,1,15485.000000000000000,387124.999999999708962,0.854735016822815,0.954268991947174,0.978832006454468
Looe,2,20988.000000000000000,524699.999999999650754,0.533847272396088,0.923717498779297,0.996068507432938
NFH,3,61742.000000000000000,1543549.999999998835847,0.120840249583125,0.319548502564430,0.432088501751423
Sombrero,4,9175.000000000000000,229374.999999999825377,0.595424503087997,0.872460007667542,0.971797496080399
Horseshoe,5,5932.000000000000000,148299.999999999883585,0.177583504468203,0.522128999233246,0.942075252532959
Cheeca,6,74647.000000000000000,1866174.999999998603016,0.103030502796173,0.165160998702049,0.356194496154785
Carysfort South,7,40110.000000000000000,1002749.999999999301508,0.242390003055334,0.545693993568420,0.962662741541862
Carysfort North,8,60878.000000000000000,1521949.999999998835847,0.264269009232521,0.761766523122787,0.962374240159988
