"","Species_Pair","p_val_D","p_val_I","p_val_R"
"1","BG_BP","0","0","0"
"2","BG_MP","0","0","0.0505050505050505"
"3","BG_RP","0.121212121212121","0.101010101010101","0.0606060606060606"
"4","BP_MP","0.0851063829787234","0.0638297872340425","0.074468085106383"
"5","BP_RP","0","0","0"
"6","GS_BG","0","0","0"
"7","GS_BP","0","0","0"
"8","GS_MP","0","0","0"
"9","GS_RP","0","0","0.0101010101010101"
"10","MP_RP","0","0","0.0606060606060606"
